--Medias
insert into medias values (0,'vacances',88531074,'0','video'); 
insert into medias values (1,'arbre',47448466,'0','photo'); 
insert into medias values (2,'fleur',66444739,'0','video'); 
insert into medias values (3,'famille',8268121,'0','video'); 
insert into medias values (4,'manga',20110106,'0','video'); 
insert into medias values (5,'football',43639215,'0','photo'); 
insert into medias values (6,'voitures',85686421,'0','video'); 
insert into medias values (7,'citations',16121833,'0','photo'); 
insert into medias values (8,'design',14596004,'0','photo'); 
insert into medias values (9,'electronique',51659171,'0','video'); 
insert into medias values (10,'violence',10965073,'1','photo'); 
insert into medias values (11,'pokemon',24194741,'0','photo'); 
insert into medias values (12,'relaxation',34943828,'0','photo'); 
insert into medias values (13,'argent',20466492,'0','photo'); 
insert into medias values (14,'tatouage',98908868,'0','video'); 
insert into medias values (15,'mode',39292387,'0','photo'); 
insert into medias values (16,'motos',47478452,'0','photo'); 
insert into medias values (17,'photographie',22926263,'0','photo'); 
insert into medias values (18,'astronomie',81013377,'0','video'); 
insert into medias values (19,'streetart',57098523,'0','video'); 
insert into medias values (20,'nature',68772484,'0','video'); 
insert into medias values (21,'humour',88484525,'0','video'); 
insert into medias values (22,'disney',46511476,'0','photo'); 
insert into medias values (23,'amour',9786516,'0','video'); 
insert into medias values (24,'voyage',88062189,'0','video'); 
insert into medias values (25,'dessin',88062189,'0','video'); 
insert into medias values (26,'chaussures',9297552,'0','video'); 
insert into medias values (27,'art',69516248,'0','video'); 
insert into medias values (28,'decoration',20835464,'0','photo'); 
insert into medias values (29,'illustration',87950296,'0','video'); 
insert into medias values (30,'montagne',5432853,'0','photo'); 

--Publication
insert into publication values (0,'11-AUG-2011','Ne laissez pas vos émotions prendre le dessus sur vous'); 
insert into publication values (1,'12-AUG-2011','Je suis content davoir repris le chemin. Maintenant, je vais faire une longue course et terminer ce rapport avant le travail.'); 
insert into publication values (2,'30-NOV-2012','Out of the office'); 
insert into publication values (3,'19-JUL-2013','I need it !'); 
insert into publication values (4,'04-AUG-2013','Le nouveau record de vitesse de connexion sur internet ! 19 625Go-s'); 
insert into publication values (5,'24-APR-2014','Cook up something good Sunday night ! Just make sure you use my recipe'); 
insert into publication values (6,'18-SEP-2014','Hesites pas a tabonner si tu aimes ce genre de contenu'); 
insert into publication values (7,'30-SEP-2014','Logo design work, do you need a professional logo ?'); 
insert into publication values (8,'16-JUL-2015','Trust the process'); 
insert into publication values (9,'20-JUL-2015','Would you try this chocolate heaven?'); 
insert into publication values (10,'04-NOV-2015','The majestic bison at -35F, Yellowstone national park, USA'); 
insert into publication values (11,'12-AUG-2016',null); 
insert into publication values (12,'03-JUN-2017','check my profile for more !'); 
insert into publication values (13,'18-OCT-2017','which nissan is your favorite from these 3 cars shown on you screen ?'); 
insert into publication values (14,'10-MAY-2018','Voici notre depart en vacances avec ma famille et même le chien!'); 
insert into publication values (15,'16-FEB-2019','Which one are you?'); 
insert into publication values (16,'14-JUN-2019','HE WILL FIND YOU'); 
insert into publication values (17,'26-JUN-2019','Too late for a Christmas wish ?'); 
insert into publication values (18,'30-JUN-2019','De retour a lecole'); 
insert into publication values (19,'04-DEC-2019','Qui êtes vous surpris de voir dans ce top 10?'); 
insert into publication values (20,'31-DEC-2019','Which is the best of these 3 options?'); 
insert into publication values (21,'12-SEP-2020','Jorganise une conférence completement gratuite ce mercredi 4 janvier a 20h30, Au programme : lancer un business profitable en moins de 30 jours etc... click sur le lien dans ma biographie!'); 
insert into publication values (22,'14-OCT-2020',null); 
insert into publication values (23,'14-OCT-2020','750g PROTEIN DIET. PROTEIN SWEATS WERE REAL, No pain no gain'); 
insert into publication values (24,'15-OCT-2020','Wait until the end...'); 
insert into publication values (25,'09-JUN-2021','I Opened 19 year old pokemon pack and this happened'); 
insert into publication values (26,'31-AUG-2021','Ecrivez en commentaire ce que vous auriez fait et soyez honnete'); 
insert into publication values (27,'03-OCT-2021','Watch until the end'); 
insert into publication values (28,'21-JUN-2022','The 5 highest paid football players right now.'); 
insert into publication values (29,'22-JUN-2022','Cookies and cream milk shake'); 
insert into publication values (30,'15-DEC-2022','10 shades of purple from light to dark'); 

--Tags
insert into tags values ('#amour'); 
insert into tags values ('#famille'); 
insert into tags values ('#healthy'); 
insert into tags values ('#nourriture'); 
insert into tags values ('#voyage'); 
insert into tags values ('#ecole'); 
insert into tags values ('#tristesse'); 
insert into tags values ('#meme'); 
insert into tags values ('#noel'); 
insert into tags values ('#art'); 
insert into tags values ('#process'); 
insert into tags values ('#satisfaisant'); 
insert into tags values ('#viral'); 
insert into tags values ('#food'); 
insert into tags values ('#football'); 
insert into tags values ('#sport'); 
insert into tags values ('#fashion'); 
insert into tags values ('#photography'); 
insert into tags values ('#instagram'); 
insert into tags values ('#nature'); 
insert into tags values ('#heureux'); 
insert into tags values ('#happy'); 
insert into tags values ('#follow'); 
insert into tags values ('#beautiful'); 
insert into tags values ('#repost'); 
insert into tags values ('#summer'); 
insert into tags values ('#selfie'); 
insert into tags values ('#travel'); 
insert into tags values ('#beauty'); 
insert into tags values ('#girl'); 
insert into tags values ('#friends'); 

--Utilisateur
insert into utilisateur values ( 0 , 'Geoffroy' , 'Tarride' , 'needfulToucan7' , '0' , 15, 'Guinea' ,1,0); 
insert into utilisateur values ( 1 , 'Lindsey' , 'Marquand' , 'pitifulLion4' , '0' , 20, 'Estonia' ,2,30); 
insert into utilisateur values ( 2 , 'Ramzi' , 'Renaudeau' , 'importedGnu7' , '0' , 42, 'Suriname' ,3,29); 
insert into utilisateur values ( 3 , 'Britany' , 'Dalmat' , 'insecureFlamingo0' , '0' , 35, 'Macedonia' ,4,28); 
insert into utilisateur values ( 4 , 'Colline' , 'Bernabe' , 'dejectedToucan3' , '0' , 19, 'Israel' ,5,27); 
insert into utilisateur values ( 5 , 'Marie-Blanche' , 'Faubert' , 'aboardRelish4' , '0' , 27, 'China' ,6,26); 
insert into utilisateur values ( 6 , 'Farid' , 'Pasquer' , 'jumpyCod4' , '0' , 22, 'Yemen' ,7,25); 
insert into utilisateur values ( 7 , 'Léonie' , 'Caballero' , 'dreadfulSeafowl4' , '0' , 33, 'Honduras' ,8,24); 
insert into utilisateur values ( 8 , 'Salvatore' , 'Chereau' , 'murkyBittern8' , '0' , 49, 'Viet Nam' ,9,23); 
insert into utilisateur values ( 9 , 'Perla' , 'Picq' , 'awedSnail2' , '0' , 50, 'Mauritius' ,10,22); 
insert into utilisateur values ( 10 , 'Aymeric' , 'Mallard' , 'spiritedGarlic9' , '0' , 14, 'China' ,11,21); 
insert into utilisateur values ( 11 , 'Orane' , 'Jourdren' , 'sincereLizard7' , '0' , 16, 'Viet Nam' ,12,20); 
insert into utilisateur values ( 12 , 'Aurele' , 'Marras' , 'hushedPepper6' , '0' , 18, 'Tajikistan' ,13,19); 
insert into utilisateur values ( 13 , 'Joumana' , 'Vidoni' , 'fondToucan8' , '0' , 21, 'South Africa' ,14,18); 
insert into utilisateur values ( 14 , 'Ilyes' , 'Artero' , 'lovesickCheese5' , '0' ,30, 'United Kingdom' ,15,17); 
insert into utilisateur values ( 15 , 'Ilyess' , 'Duverge' , 'ardentLeopard9' , '0' ,53 , 'Taiwan' ,16,16); 
insert into utilisateur values ( 16 , 'Joey' , 'Devineau' , 'curiousOtter0' , '0' ,22, 'Nauru' ,17,15); 
insert into utilisateur values ( 17 , 'Gaby' , 'Desmarets' , 'importedFerret8' , '0' , 26, 'Egypt' ,18,14); 
insert into utilisateur values ( 18 , 'Alexine' , 'Deneuve' , 'artisticSeafowl5' , '0' ,17 , 'Jordan' ,19,13); 
insert into utilisateur values ( 19 , 'Brian' , 'Diss' , 'amusedJaguar6' , '0' ,45 , 'Nauru' ,20,28); 
insert into utilisateur values ( 20 , 'Lalie' , 'Villegas' , 'goofyOwl7' , '1' ,30 , 'Greece' ,21,11); 
insert into utilisateur values ( 21 , 'Inna' , 'Nicoleau' , 'mereMuesli2' , '0' , 18, 'Venezuela' ,22,10); 
insert into utilisateur values ( 22 , 'Marie-Aline' , 'Gendry' , 'wornoutBoa5' , '0' ,24 , 'Senegal' ,23,9); 
insert into utilisateur values ( 23 , 'Daouda' , 'Parfait' , 'blissfulKitten9' , '0' ,15 , 'Guyana' ,24,8); 
insert into utilisateur values ( 24 , 'Rabah' , 'Rocton' , 'vengefulWidgeon4' , '0' ,20 , 'Greece' ,25,7); 
insert into utilisateur values ( 25 , 'Eduardo' , 'Karl' , 'grudgingCheese6' , '0' , 45, 'Comoros' ,26,6); 
insert into utilisateur values ( 26 , 'Diégo' , 'Cantrel' , 'trustingRuffs4' , '0' ,60 , 'Liberia' ,27,5); 
insert into utilisateur values ( 27 , 'Elizabeth' , 'Diagne' , 'superiorSwift3' , '0' ,49 , 'Guinea' ,28,4); 
insert into utilisateur values ( 28 , 'Mady' , 'Haas' , 'sheepishSeafowl9' , '0' , 36, 'Iceland' ,29,3); 
insert into utilisateur values ( 29 , 'Jean-Lou' , 'Rojo' , 'cautiousMandrill2' , '0' , 24, 'Philippines' ,30,2); 
insert into utilisateur values ( 30 , 'Mickaela' , 'Kerleau' , 'excitedGelding5' , '0' ,19, 'Portugal' ,0,1); 

--Interragit 
insert into interragit values ( 0 ,'23-JAN-2011','Partage',null,1,30); 
insert into interragit values ( 1 , '28-NOV-2011','Aime',null,2,29); 
insert into interragit values ( 2 , '30-JAN-2012','Commentaire','Nice!',3,3); 
insert into interragit values ( 3 , '06-AUG-2012','Aime',null,4,27); 
insert into interragit values ( 4 , '15-AUG-2012','Partage',null,5,26); 
insert into interragit values ( 5 , '25-AUG-2012','Commentaire','Beautiful',6,25); 
insert into interragit values ( 6 , '14-SEP-2012','Aime',null,7,24); 
insert into interragit values ( 7 , '17-AUG-2013','Commentaire','I Agree with you',8,23); 
insert into interragit values ( 8 , '20-JAN-2014','Partage',null,9,22); 
insert into interragit values ( 9 , '26-MAY-2014','Aime',null,10,21); 
insert into interragit values ( 10 ,'10-SEP-2014','Commentaire','I think you are wrong about it but I respect your opinion',11,20); 
insert into interragit values ( 11 ,'15-OCT-2014','Partage',null,12,19); 
insert into interragit values ( 12 ,'17-MAY-2015','Aime',null,14,18); 
insert into interragit values ( 13 ,'10-AUG-2015','Aime',null,13,17); 
insert into interragit values ( 14 ,'07-JUL-2016','Commentaire','Letssgoooo',14,16); 
insert into interragit values ( 15 ,'19-MAR-2017','Aime',null,15,15); 
insert into interragit values ( 16 ,'27-FEB-2018','Partage',null,16,12); 
insert into interragit values ( 17 ,'04-DEC-2018','Partage',null,17,11); 
insert into interragit values ( 18 ,'19-MAR-2019','Commentaire','That was sick !',18,10); 
insert into interragit values ( 19 ,'28-SEP-2019','Aime',null,19,14); 
insert into interragit values ( 20 ,'16-NOV-2019','Aime',null,20,13); 
insert into interragit values ( 21 ,'18-MAR-2020','Partage',null,21,7); 
insert into interragit values ( 22 ,'22-MAR-2020','Partage',null,22,14); 
insert into interragit values ( 23 ,'15-MAR-2021','Commentaire','Happy new year darling',23,8); 
insert into interragit values ( 24 ,'01-SEP-2021','Aime',null,24,9); 
insert into interragit values ( 25 ,'06-SEP-2021','Aime',null,25,6); 
insert into interragit values ( 26 ,'17-APR-2022','Partage',null,26,3); 
insert into interragit values ( 27 ,'22-OCT-2022','Commentaire','You have my respect',27,5); 
insert into interragit values ( 28 ,'11-NOV-2022','Aime',null,28,2); 
insert into interragit values ( 29 ,'25-DEC-2022','Aime',null,29,4); 
insert into interragit values ( 30 ,'29-DEC-2022','Partage',null,30,1); 

--Contient 
insert into contient values ('#amour',0); 
insert into contient values ('#famille',8); 
insert into contient values ('#healthy',23); 
insert into contient values ('#nourriture',9); 
insert into contient values ('#voyage',10); 
insert into contient values ('#ecole',18); 
insert into contient values ('#tristesse',18); 
insert into contient values ('#meme',16); 
insert into contient values ('#noel',17); 
insert into contient values ('#art',30); 
insert into contient values ('#process',8); 
insert into contient values ('#satisfaisant',28); 
insert into contient values ('#viral',28); 
insert into contient values ('#food',9); 
insert into contient values ('#football',28); 
insert into contient values ('#sport',28); 
insert into contient values ('#fashion',30); 
insert into contient values ('#photography',30); 
insert into contient values ('#instagram',1); 
insert into contient values ('#nature',10); 
insert into contient values ('#heureux',15); 
insert into contient values ('#happy',29); 
insert into contient values ('#follow',6); 
insert into contient values ('#beautiful',5); 
insert into contient values ('#repost',25); 
insert into contient values ('#summer',25); 
insert into contient values ('#selfie',18); 
insert into contient values ('#travel',30); 
insert into contient values ('#beauty',10); 
insert into contient values ('#girl',14); 
insert into contient values ('#friends',14);

--est_abonnee 
insert into est_abonnee values ('20-NOV-2010',3,2); 
insert into est_abonnee values ('04-DEC-2010',2,1); 
insert into est_abonnee values ('27-DEC-2010',1,3); 
insert into est_abonnee values ('02-MAR-2011',10,4); 
insert into est_abonnee values ('05-MAY-2011',1,7); 
insert into est_abonnee values ('16-MAY-2011',2,10); 
insert into est_abonnee values ('30-JUN-2012',5,6); 
insert into est_abonnee values ('25-MAY-2013',7,9); 
insert into est_abonnee values ('28-MAY-2013',10,14); 
insert into est_abonnee values ('14-JUL-2013',12,20); 
insert into est_abonnee values ('27-AUG-2013',6,25); 
insert into est_abonnee values ('19-APR-2014',7,30); 
insert into est_abonnee values ('28-FEB-2015',10,2); 
insert into est_abonnee values ('15-MAY-2015',17,1); 
insert into est_abonnee values ('17-OCT-2015',12,1); 
insert into est_abonnee values ('19-AUG-2016',13,17); 
insert into est_abonnee values ('20-SEP-2016',17,26); 
insert into est_abonnee values ('17-AUG-2017',15,17); 
insert into est_abonnee values ('13-MAR-2018',20,2); 
insert into est_abonnee values ('08-SEP-2018',21,6); 
insert into est_abonnee values ('07-OCT-2018',22,7); 
insert into est_abonnee values ('06-SEP-2019',24,7); 
insert into est_abonnee values ('18-JUN-2020',30,6); 
insert into est_abonnee values ('20-APR-2021',25,8); 
insert into est_abonnee values ('27-OCT-2021',26,29); 
insert into est_abonnee values ('10-JAN-2022',27,30); 
insert into est_abonnee values ('08-APR-2022',30,8); 
insert into est_abonnee values ('11-JUN-2022',3,27); 
insert into est_abonnee values ('18-JUL-2022',15,15); 
insert into est_abonnee values ('22-AUG-2022',25,9); 
insert into est_abonnee values ('08-NOV-2022',29,16); 

--suis
insert into suis values (0,'#amour'); 
insert into suis values (24,'#famille'); 
insert into suis values (0,'#healthy'); 
insert into suis values (23,'#nourriture'); 
insert into suis values (0,'#voyage'); 
insert into suis values (25,'#ecole'); 
insert into suis values (20,'#tristesse'); 
insert into suis values (1,'#meme'); 
insert into suis values (26,'#noel'); 
insert into suis values (2,'#art'); 
insert into suis values (27,'#process'); 
insert into suis values (19,'#satisfaisant'); 
insert into suis values (29,'#viral'); 
insert into suis values (30,'#food'); 
insert into suis values (4,'#football'); 
insert into suis values (18,'#sport'); 
insert into suis values (30,'#fashion'); 
insert into suis values (5,'#photography'); 
insert into suis values (7,'#instagram'); 
insert into suis values (6,'#nature'); 
insert into suis values (15,'#heureux'); 
insert into suis values (7,'#happy'); 
insert into suis values (11,'#follow'); 
insert into suis values (8,'#beautiful'); 
insert into suis values (13,'#repost'); 
insert into suis values (12,'#beautiful'); 
insert into suis values (9,'#summer'); 
insert into suis values (14,'#beauty'); 
insert into suis values (16,'#girl'); 
insert into suis values (10,'#friends'); 
insert into suis values (18,'#friends'); 

--concerne
insert into concerne values (1,30); 
insert into concerne values (3,21); 
insert into concerne values (2,26); 
insert into concerne values (5,23); 
insert into concerne values (4,22); 
insert into concerne values (9,25); 
insert into concerne values (7,24); 
insert into concerne values (10,27); 
insert into concerne values (12,29); 
insert into concerne values (6,19); 
insert into concerne values (11,25); 
insert into concerne values (29,17); 
insert into concerne values (8,18); 
insert into concerne values (26,12); 
insert into concerne values (25,13); 
insert into concerne values (11,16); 
insert into concerne values (15,15); 
insert into concerne values (25,14); 
insert into concerne values (18,11); 
insert into concerne values (28,10); 
insert into concerne values (17,20); 
insert into concerne values (14,2); 
insert into concerne values (24,9); 
insert into concerne values (13,8); 
insert into concerne values (22,7); 
insert into concerne values (23,6); 
insert into concerne values (21,3); 
insert into concerne values (5,5); 
insert into concerne values (19,4); 
insert into concerne values (16,1); 
insert into concerne values (20,0); 